decision,note,temperature,added
I will add the bridge,Building the bridge will enhance connectivity and potentially increase overall rewards for the community.,0.5,True
I will add the bridge,"Adding the bridge could enhance the overall reward for my partner and me, and if both diagonal bridges are built, it could maximize benefits for everyone.",0.5,True
I will add the bridge,"Adding the bridge will enhance connectivity and potentially increase rewards for both me and my diagonal partner, fostering a better community.",0.5,True
I will add the bridge,Building the diagonal bridge will enhance connectivity and potentially increase overall rewards for everyone in the community.,0.5,True
I will add the bridge,"Building the bridge will increase the rewards for both me and my diagonal partner, and there is potential for better outcomes if the other diagonal pair also decides to build their bridge.",0.5,True
I will add the bridge,"Building the bridge will increase the potential rewards for both me and my diagonal partner, and it encourages cooperation within the community.",0.5,True
I will add the bridge,"Adding the bridge will increase the potential rewards for both me and my diagonal partner, promoting better connectivity within the community.",0.5,True
I will add the bridge,Building the bridge will enhance connectivity and potentially increase overall rewards for both myself and my diagonal partner.,0.5,True
I will add the bridge,"Building the bridge could enhance connectivity and increase rewards for both me and my diagonal partner, fostering better collaboration in the community.",0.5,True
I will add the bridge,"Building the diagonal bridge will increase the potential rewards for both me and my partner. It fosters a stronger connection and collaboration between us, which could benefit the community in the long run.",0.5,True
I will add the bridge,"Building the bridge will increase the reward for both myself and my diagonal partner, leading to a better outcome for us.",0.5,True
I will add the bridge,"Building the bridge will increase the overall rewards for both me and my diagonal partner, and it could potentially lead to better collaboration in the future.",0.5,True
I will add the bridge,Building the bridge can enhance connectivity and overall rewards for the community.,0.5,True
I will add the bridge,Adding the bridge will increase the total rewards for my diagonal partner and myself. This decision promotes collaboration and could lead to better outcomes for the community.,0.5,True
I will add the bridge,"Adding the bridge will enhance the overall connectivity and increase the rewards for both me and my diagonal partner, fostering a stronger community.",0.5,True
I will add the bridge,Building the bridge will enhance connectivity and potentially increase the overall reward for everyone involved.,0.5,True
I will add the bridge,Adding the bridge could enhance connectivity and overall rewards for the community. It seems beneficial to take the risk for potentially higher rewards.,0.5,True
I will add the bridge,"Building the bridge could enhance connectivity and collaboration within the community, leading to greater rewards for me and my diagonal partner.",0.5,True
I will add the bridge,"Building the bridge could enhance connectivity and collaboration with my diagonal partner, potentially leading to greater benefits for both of us.",0.5,True
I will add the bridge,"Building the diagonal bridge will increase the overall reward for both me and my partner, fostering a stronger connection in the community.",0.5,True
I will add the bridge,"Building the diagonal bridge could enhance connectivity and increase overall rewards for those involved, while also potentially benefiting the community in the long run.",0.5,True
I will add the bridge,"Adding the bridge will increase the overall rewards for both me and my diagonal partner, and if both bridges are added later, everyone will benefit even more.",0.5,True
I will add the bridge,"Building the bridge will provide a higher reward for both me and my diagonal partner, and I believe that the benefits outweigh the risks.",0.5,True
I will add the bridge,"Building the diagonal bridge will enhance connectivity and potentially increase rewards for both myself and my diagonal partner, fostering better collaboration in the community.",0.5,True
I will add the bridge,"Building the bridge will increase the rewards for both me and my diagonal partner, promoting a stronger connection within the community.",0.5,True
I will add the bridge,"Building the bridge could enhance connectivity and potentially lead to better collaboration in the community, increasing everyone's rewards.",0.5,True
I will add the bridge,"Building the bridge will enhance connectivity and increase rewards for both me and my diagonal partner, fostering better relationships within our community.",0.5,True
I will add the bridge,Building the bridge will enhance connectivity and potentially lead to better collaboration and rewards for both me and my diagonal partner.,0.5,True
I will add the bridge,"Building the bridge will enhance connectivity and increase rewards for both me and my diagonal partner, fostering a stronger community.",0.5,True
I will add the bridge,"Building the diagonal bridge will create a stronger connection and increase rewards for both me and my diagonal partner, potentially leading to better cooperation in the future.",0.5,True
I will add the bridge,"By adding the bridge, I can increase the rewards for both myself and my diagonal partner, potentially enhancing our community's overall benefit.",0.5,True
I will add the bridge,"Building the bridge will enhance connectivity and potentially increase rewards for both me and my diagonal partner, fostering a stronger community.",0.5,True
I will add the bridge,"Building the bridge could enhance connectivity and cooperation, potentially leading to greater rewards for everyone in the long run.",0.5,True
I will add the bridge,"Building the bridge can enhance connectivity and trust within the community, potentially leading to greater collaboration in the future.",0.5,True
I will add the bridge,Building the diagonal bridge could enhance connectivity and increase overall rewards for my partner and me. It seems beneficial to take the risk for a potentially higher reward.,0.5,True
I will add the bridge,"Adding the bridge will increase rewards for both me and my diagonal partner, promoting better cooperation and potentially enhancing community ties.",0.5,True
I will add the bridge,"Building the bridge will increase the overall reward for both me and my diagonal partner, enhancing cooperation and potentially encouraging the others to consider adding their bridges as well.",0.5,True
I will add the bridge,"By adding the bridge, I can maximize the potential reward for both myself and my diagonal partner, while also encouraging better connections within the community.",0.5,True
I will add the bridge,"By adding the bridge, I will increase the rewards for myself and my diagonal partner, and we can potentially coordinate to maximize benefits for the entire community.",0.5,True
I will add the bridge,Choosing to add the bridge will enhance connectivity and potentially lead to a better overall reward for everyone if the second bridge is also built.,0.5,True
I will add the bridge,Building the bridge will enhance connectivity and potentially increase overall rewards for everyone if the other diagonal bridge is also built.,0.5,True
I will add the bridge,"Adding the bridge will increase the total reward for my partner and me, and it could lead to better cooperation and outcomes for the community.",0.5,True
I will add the bridge,"I believe that building the bridge will foster better connections and communication, potentially leading to greater benefits for everyone in the long run.",0.5,True
I will add the bridge,"Building the diagonal bridge could enhance connectivity and overall rewards for everyone, promoting a stronger community.",0.5,True
I will add the bridge,"By adding the bridge, both my diagonal partner and I can enhance our rewards. This decision also encourages collaboration and could lead to better outcomes for the entire community.",0.5,True
I will add the bridge,"Building the diagonal bridge will allow for a higher potential reward for both me and my diagonal partner, fostering better cooperation and connection within the community.",0.5,True
I will add the bridge,"Building the diagonal bridge will provide a higher reward for both me and my diagonal partner, enhancing our cooperation and potentially improving community dynamics.",0.5,True
I will add the bridge,Building the bridge will allow for greater rewards and strengthen connections within the community.,0.5,True
I will add the bridge,Building the bridge will enhance connectivity and potentially lead to greater rewards for both parties involved.,0.5,True
I will add the bridge,Building the bridge will enhance connectivity and potentially increase overall rewards for everyone in the community.,0.5,True
I will add the bridge,Building the bridge will enhance connectivity and increase rewards for my partner and me while potentially encouraging others to consider the benefits of diagonal connections.,0.5,True
I will add the bridge,"Building the diagonal bridge will maximize the potential reward for both me and my diagonal partner, and it may encourage the other pair to also build their bridge, leading to a higher overall reward for everyone.",0.5,True
I will add the bridge,"Adding the bridge will increase the total rewards for both me and my diagonal partner, while also potentially benefiting the entire community if the other diagonal bridge is added.",0.5,True
I will add the bridge,"Building the bridge can enhance connectivity and improve rewards for both me and my diagonal partner, fostering a better community.",0.5,True
I will add the bridge,"Building the bridge could enhance connectivity and cooperation within the community, leading to a better overall outcome.",0.5,True
I will add the bridge,"Building the bridge could enhance collaboration and increase rewards for both me and my diagonal partner, while also potentially encouraging others to do the same.",0.5,True
I will add the bridge,Building the bridge will enhance connectivity and potentially increase the overall reward for everyone if the other bridge is also built.,0.5,True
I will add the bridge,"Building the bridge will enhance connectivity and potentially lead to higher rewards for both me and my diagonal partner, while also encouraging future collaboration within the community.",0.5,True
I will add the bridge,"Building the bridge could enhance connectivity and mutual benefits for both parties involved, leading to a higher overall reward.",0.5,True
I will add the bridge,"Building the diagonal bridge will increase the overall reward for my partner and me, and it could encourage the others to also build their bridges.",0.5,True
I will add the bridge,"Building the bridge will provide a higher reward for both me and my diagonal partner, promoting better collaboration and potentially leading to further improvements in our community.",0.5,True
I will add the bridge,Adding the bridge could enhance connectivity and increase overall rewards for my partner and me. It also sets a precedent for collaboration.,0.5,True
I will add the bridge,"By adding the diagonal bridge, I can increase the total rewards for my partner and myself, while also encouraging the other pair to consider building their bridge for a higher collective outcome.",0.5,True
I will add the bridge,"Building the bridge will improve the overall reward for my partner and me, and the potential for increased coordination benefits everyone.",0.5,True
I will add the bridge,"Adding the bridge will allow for a higher potential reward for both me and my diagonal partner, and could foster better cooperation within the community.",0.5,True
I will add the bridge,Building the bridge will enhance connectivity and potentially increase the overall rewards for the community.,0.5,True
I will add the bridge,"Building the diagonal bridge will increase the rewards for both me and my partner, promoting collaboration and enhancing our community's overall benefit.",0.5,True
I will add the bridge,"Building the diagonal bridge will enhance connectivity and potentially increase rewards for both me and my partner, while also encouraging future collaboration.",0.5,True
I will add the bridge,"Building the bridge will enhance connectivity and increase overall rewards for both me and my diagonal partner, potentially benefiting the entire community.",0.5,True
I will add the bridge,"By adding the bridge, I can enhance the overall reward for my diagonal partner and myself, potentially improving our community's resources and connections.",0.5,True
I will add the bridge,"Building the diagonal bridge will increase the overall rewards for both me and my diagonal partner, fostering better connections and collaboration in the community.",0.5,True
I will add the bridge,"Building the bridge will enhance connectivity and potentially increase rewards for both me and my diagonal partner, fostering better collaboration in the community.",0.5,True
I will add the bridge,"Building the bridge could enhance connectivity and benefit both me and my diagonal partner, leading to a higher overall reward.",0.5,True
I will add the bridge,Building the diagonal bridge will enhance connectivity and increase rewards for both me and my partner.,0.5,True
I will add the bridge,Building the bridge could enhance connectivity and potentially lead to better cooperation and rewards for both me and my partner.,0.5,True
I will add the bridge,"Building the bridge could enhance connectivity and improve overall rewards for my partner and me, while still allowing the others to receive some benefit.",0.5,True
I will add the bridge,"By adding the bridge, I aim to enhance connectivity and potentially increase overall rewards for everyone, while also benefiting directly from the new connection.",0.5,True
I will add the bridge,"By adding the diagonal bridge, I can enhance the rewards for both myself and my diagonal partner, leading to a better overall outcome for our community.",0.5,True
I will add the bridge,"By adding the diagonal bridge, I can enhance the overall reward for myself and my diagonal partner, while also increasing the potential for better collaboration within the community.",0.5,True
I will add the bridge,"Adding the bridge will provide a higher reward for both me and my diagonal partner, and it may encourage the others to consider adding their bridges as well, leading to a better outcome for the whole community.",0.5,True
I will add the bridge,"Building the bridge will increase the overall reward for my diagonal partner and myself, while also promoting better connectivity within the community.",0.5,True
I will add the bridge,"Building the diagonal bridge could enhance connectivity and increase the overall reward for both me and my diagonal partner, while also encouraging cooperation in the future.",0.5,True
I will add the bridge,"Building the bridge will improve the overall reward for both me and my diagonal partner, increasing our points from 8 to 9, while also fostering better connections within the community.",0.5,True
I will add the bridge,I believe that adding the bridge will enhance connectivity and potentially lead to better collaboration and rewards for both me and my diagonal partner.,0.5,True
I will add the bridge,"By adding the diagonal bridge, I can improve the overall reward for myself and my partner, while also fostering better connections within the community.",0.5,True
I will add the bridge,"Building the bridge will enhance connectivity and potentially improve collaboration, leading to a better outcome for both me and my diagonal partner.",0.5,True
I will add the bridge,"Adding the bridge will increase the reward for both me and my diagonal partner, and it may encourage the others to also build their bridges for a higher collective benefit.",0.5,True
I will add the bridge,"Building the bridge will provide a higher reward for my partner and me, and I believe the potential benefits outweigh the risks.",0.5,True
I will add the bridge,"By adding the bridge, I can ensure a better reward for both myself and my diagonal partner, while also potentially encouraging the others to consider adding their bridges for an even greater collective benefit.",0.5,True
I will add the bridge,"Building the diagonal bridge could enhance connectivity and increase the overall reward for both myself and my partner, while also encouraging cooperation in the community.",0.5,True
I will add the bridge,"Building the diagonal bridge can strengthen connections and improve overall rewards for my partner and me, while also encouraging better collaboration in the community.",0.5,True
I will add the bridge,"Building the bridge will increase the overall reward for both me and my diagonal partner, fostering better connections and collaboration within the community.",0.5,True
I will add the bridge,"Building the bridge will increase rewards for my diagonal partner and myself, promoting better collaboration and potentially encouraging the others to also build their bridges.",0.5,True
I will add the bridge,"Building the bridge could enhance connectivity and collaboration, leading to better outcomes for everyone in the community.",0.5,True
I will add the bridge,Building the bridge will enhance connectivity and potentially lead to greater rewards for both me and my diagonal partner.,0.5,True
I will add the bridge,"Building the bridge could enhance connectivity and foster collaboration, leading to greater rewards for both me and my diagonal partner.",0.5,True
I will add the bridge,"Building the diagonal bridge will increase rewards for both me and my partner, fostering better connections and potentially encouraging others to consider the benefits of cooperation.",0.5,True
I will add the bridge,"Building the bridge will improve the overall reward for both me and my diagonal partner, while also potentially increasing the total reward for the community if the other diagonal bridge is built as well.",0.5,True
I will add the bridge,"Building the bridge can enhance connectivity and potentially improve relationships within the community, leading to greater collaboration and future benefits.",0.5,True
I will add the bridge,Adding the bridge can enhance connectivity and potentially increase the overall reward for everyone if the other diagonal bridge is also built.,0.5,True
I will add the bridge,"By adding the bridge, both my diagonal partner and I will benefit from a higher reward, which encourages teamwork and enhances our community's overall well-being.",0.75,True
I will add the bridge,Building the bridge will enhance connectivity and potentially lead to better cooperation and rewards for both parties involved.,0.75,True
I will add the bridge,"Building the bridge will benefit both me and my diagonal partner, potentially increasing our rewards and enhancing our community connections.",0.75,True
I will add the bridge,"Building the diagonal bridge could enhance connectivity and collaboration within the community, potentially leading to greater overall benefits.",0.75,True
I will add the bridge,"Building the diagonal bridge will improve the overall reward for me and my partner, helping to foster better connections and collaboration within the community.",0.75,True
I will add the bridge,"Adding the bridge will increase rewards for both me and my diagonal partner, and it opens the possibility of higher rewards if coordination for the second bridge occurs.",0.75,True
I will add the bridge,Building the diagonal bridge could enhance our connection and increase the overall rewards for everyone involved.,0.75,True
I will add the bridge,Building the diagonal bridge will not only benefit me and my diagonal partner but also increase the overall reward for the group if the other bridge is also built. This decision promotes growth and encourages collaboration.,0.75,True
I will add the bridge,"By adding the diagonal bridge, both I and my diagonal partner will benefit from the higher reward, enhancing our connection and cooperation.",0.75,True
I will add the bridge,"By choosing to build the bridge, I aim to maximize the potential rewards for both myself and my diagonal partner. This decision can also foster better cooperation within our community.",0.75,True
I will add the bridge,"Building the bridge can enhance connectivity and potentially lead to greater collaboration within the community, resulting in a better outcome for all.",0.75,True
I will add the bridge,"I believe adding the bridge will provide a better reward for both me and my diagonal partner, and the potential for increased cooperation among the community.",0.75,True
I will add the bridge,"Adding the bridge will increase the points for both my diagonal partner and me, fostering better connections within the community.",0.75,True
I will add the bridge,"Building the bridge provides a better outcome for both me and my diagonal partner, increasing our rewards and promoting stronger connections in the community.",0.75,True
I will add the bridge,"Adding the bridge will allow me and my diagonal partner to benefit from the higher reward of 8 points each, promoting a stronger connection between us.",0.75,True
I will add the bridge,"Adding the bridge could enhance cooperation and improve overall rewards for me and my diagonal partner, while also potentially motivating the others to consider adding their bridges in the future.",0.75,True
I will add the bridge,"Building the diagonal bridge will provide a higher reward for both me and my diagonal partner, encouraging better cooperation in our community.",0.75,True
I will add the bridge,"Adding the bridge could potentially increase the overall reward for both myself and my diagonal partner, and if the other pair also decides to add their bridge, it will maximize the benefits for everyone.",0.75,True
I will add the bridge,"Building the diagonal bridge could enhance connectivity and cooperation in the community, potentially leading to higher overall satisfaction and rewards.",0.75,True
I will add the bridge,"Adding the bridge will improve rewards for both myself and my diagonal partner, leading to a better outcome for us.",0.75,True
I will add the bridge,Building the diagonal bridge will enhance cooperation and provide a better reward for both me and my partner. It promotes a sense of community and can lead to further collaboration in the future.,0.75,True
I will add the bridge,Adding the bridge could foster better cooperation and increase rewards for both myself and my partner.,0.75,True
I will add the bridge,"Building the diagonal bridge will increase potential rewards for both me and my partner, while also enhancing connectivity in the community.",0.75,True
I will add the bridge,"Building the bridge could enhance connections and lead to better collaboration in the future, increasing overall satisfaction in the community.",0.75,True
I will add the bridge,"Adding the bridge will increase the overall rewards for my diagonal partner and myself, promoting better cooperation and potentially encouraging the others to also participate in future decisions.",0.75,True
I will add the bridge,"By adding the bridge, both I and my diagonal partner can benefit from a higher reward, encouraging collaboration and potentially enhancing our community's connections.",0.75,True
I will add the bridge,"By adding the bridge, my diagonal partner and I can increase our rewards significantly, and it may encourage others to also participate in building their bridges, leading to a higher total benefit for the community.",0.75,True
I will add the bridge,"Building the bridge will enhance connectivity and potentially improve collaboration, leading to greater overall rewards for everyone.",0.75,True
I will add the bridge,"Building the bridge can enhance connectivity and increase overall rewards for my partner and myself, while also potentially encouraging others to participate in future decisions.",0.75,True
I will add the bridge,"Adding the bridge will benefit both me and my diagonal partner, increasing our rewards to 8 points each. This decision enhances our connection and the potential for future collaboration.",0.75,True
I will add the bridge,"Building the diagonal bridge will increase the overall reward for me and my diagonal partner, enhancing our collaboration and potentially paving the way for future partnerships.",0.75,True
I will add the bridge,"Adding the bridge will directly benefit both me and my diagonal partner, increasing our rewards significantly.",0.75,True
I will add the bridge,Adding the bridge will not only enhance the rewards for myself and my diagonal partner but also improve the overall connectivity and potential for collaboration within the community.,0.75,True
I will add the bridge,Building the bridge will enhance connectivity and potentially lead to better collaboration and rewards for the community.,0.75,True
I will add the bridge,"Building the bridge could enhance connectivity and overall rewards for my diagonal partner and myself, potentially leading to better cooperation within the community.",0.75,True
I will add the bridge,Building the bridge could enhance cooperation and lead to a higher total reward for everyone if the other decision-maker also chooses to build their bridge.,0.75,True
I will add the bridge,"Adding the bridge could enhance the overall rewards for my partner and me, potentially increasing our community's welfare.",0.75,True
I will add the bridge,"Building the diagonal bridge will enhance connectivity and provide a higher reward for both me and my diagonal partner, promoting collaboration.",0.75,True
I will add the bridge,I believe that adding the bridge will enhance connectivity and increase the overall rewards for both me and my diagonal partner. This decision also encourages collaboration and could lead to further benefits for the entire community.,0.75,True
I will add the bridge,"Building the diagonal bridge will increase the reward for both me and my diagonal partner, and it may encourage better collaboration within the community.",0.75,True
I will add the bridge,"Building the bridge will ensure a higher reward for both me and my partner, and it promotes better connectivity within the community.",0.75,True
I will add the bridge,"Building the diagonal bridge will enhance connectivity and improve the overall rewards for both me and my diagonal partner, potentially fostering better relationships within our community.",0.75,True
I will add the bridge,"Adding the bridge increases the potential rewards for me and my diagonal partner, fostering a stronger connection. The risks are worth the potential for higher rewards.",0.75,True
I will add the bridge,"By adding the bridge, my partner and I will both benefit from the increased points. It encourages cooperation and could lead to a better outcome for everyone if the other bridge is also built.",0.75,True
I will add the bridge,Building the bridge will strengthen connections and potentially lead to higher rewards for both myself and my diagonal partner.,0.75,True
I will add the bridge,"Adding the bridge allows for a higher reward for both me and my diagonal partner, and it could lead to better cooperation in the future.",0.75,True
I will add the bridge,Adding the bridge will enhance connectivity and provide a better reward for both parties involved. It also encourages cooperation and may lead to future collaborations.,0.75,True
I will add the bridge,"Building the diagonal bridge could enhance connectivity and overall reward for my partner and me, while also potentially encouraging others to make a similar decision.",0.75,True
I will add the bridge,"Adding the bridge will maximize the potential rewards for both me and my diagonal partner, fostering better connectivity in the community.",0.75,True
I will add the bridge,"Adding the bridge will ensure a higher reward for both me and my diagonal partner, while potentially improving cooperation within the community.",0.75,True
I will add the bridge,"Adding the bridge will maximize the reward for both myself and my diagonal partner, leading to better outcomes for us.",0.75,True
I will add the bridge,"Building the bridge will provide a higher reward for both me and my diagonal partner, and it encourages cooperation within the community.",0.75,True
I will add the bridge,Building the diagonal bridge will increase the rewards for both me and my partner while providing an opportunity for greater collaboration in the future.,0.75,True
I will add the bridge,"Building the diagonal bridge can enhance connectivity and increase overall rewards for my partner and me, while also fostering better relationships within the community.",0.75,True
I will add the bridge,Building the diagonal bridge will enhance connectivity and potentially lead to better cooperation and mutual benefits.,0.75,True
I will add the bridge,"Adding the bridge could enhance cooperation and increase rewards for both me and my diagonal partner, while also potentially motivating others to build their bridges.",0.75,True
I will add the bridge,"Adding the bridge will increase the potential rewards for my diagonal partner and me, and if others follow, it could benefit everyone.",0.75,True
I will add the bridge,"Building the diagonal bridge will increase the potential reward for both me and my partner, while still leaving the other two to receive a minimal reward.",0.75,True
I will add the bridge,"Building the bridge could foster better connections and increase rewards for both me and my diagonal partner, which is beneficial for the community as a whole.",0.75,True
I will add the bridge,"The potential for higher rewards of 9 points for all is worth the risk, and it fosters better community connections.",0.75,True
I will add the bridge,"Building the bridge could enhance connections and increase rewards for both involved parties, fostering a stronger community.",0.75,True
I will add the bridge,"Building the diagonal bridge will maximize the potential rewards for both myself and my diagonal partner, encouraging collaboration and improving the overall benefit for the community.",0.75,True
I will add the bridge,"Adding the bridge will increase the potential rewards for both me and my partner, fostering better connections and collaboration within the community.",0.75,True
I will add the bridge,"Adding the bridge will benefit both me and my diagonal partner, potentially leading to higher overall rewards for the community.",0.75,True
I will add the bridge,"Building the bridge will increase the rewards for both me and my diagonal partner significantly, as well as potentially encourage others to also build their bridges.",0.75,True
I will add the bridge,Building the bridge may enhance connections and overall benefits for everyone.,0.75,True
I will add the bridge,"Adding the bridge increases the potential reward for both me and my diagonal partner, fostering better connections within the community.",0.75,True
I will add the bridge,"I believe that adding the bridge will enhance connectivity and cooperation within the community, potentially leading to more overall benefits for everyone.",0.75,True
I will add the bridge,"By adding the bridge, I can benefit from a higher reward for both myself and my diagonal partner, promoting collaboration and potentially leading to better outcomes for the entire community.",0.75,True
I will add the bridge,"I believe that building the bridge will enhance connectivity and lead to better collaboration, ultimately benefiting all members of the community.",0.75,True
I will add the bridge,"Adding the bridge will enhance the overall rewards for both me and my diagonal partner, creating a stronger connection.",0.75,True
I will add the bridge,"Adding the bridge will increase the overall points for both me and my diagonal partner, and it could foster better connections and cooperation among the community.",0.75,True
I will add the bridge,"Building the bridge will create a direct connection with my diagonal partner, benefiting both of us significantly.",0.75,True
I will add the bridge,"This decision aims to enhance the overall reward for myself and the diagonal partner, potentially increasing community cooperation.",0.75,True
I will add the bridge,Building the bridge can enhance connections and improve the overall rewards for my partner and me. It also encourages collaboration among the group.,0.75,True
I will add the bridge,"By adding the bridge, both I and my diagonal partner can maximize our potential reward. I believe the benefits of coordination and increased points outweigh the risks.",0.75,True
I will add the bridge,"Adding the bridge will increase the overall reward for both myself and my diagonal partner, and potentially motivate others to also consider building their bridges.",0.75,True
I will add the bridge,"Building the diagonal bridge will maximize the rewards for both me and my diagonal partner, while also contributing to a higher potential reward for the entire community if both bridges are constructed.",0.75,True
I will add the bridge,Building the bridge could enhance overall cooperation in the community and increase rewards for my partner and me.,0.75,True
I will add the bridge,"Building the bridge could enhance connectivity and benefits for both me and my diagonal partner, and there’s potential for better overall rewards if others decide similarly.",0.75,True
I will add the bridge,"Adding the bridge could enhance rewards for both me and my diagonal partner, promoting better connectivity and collaboration within the community.",0.75,True
I will add the bridge,"Choosing to add the bridge can enhance connectivity and potentially increase overall rewards for my partner and me, fostering better collaboration in the community.",0.75,True
I will add the bridge,"Adding the bridge will maximize rewards for both me and my diagonal partner, leading to a better overall outcome for us.",0.75,True
I will add the bridge,Building the diagonal bridge will maximize rewards for both me and my diagonal partner while potentially increasing overall community points if the other diagonal bridge is also built.,0.75,True
I will add the bridge,"Building the bridge could improve connectivity and collaboration in our community, leading to greater rewards for my diagonal partner and myself.",0.75,True
I will add the bridge,"I believe building the bridge will enhance connectivity and provide a better reward for both me and my diagonal partner, while also having the potential to increase overall group rewards.",0.75,True
I will add the bridge,"Building the diagonal bridge could enhance cooperation and increase overall rewards for the community, while also benefiting both myself and my diagonal partner.",0.75,True
I will add the bridge,"By adding the diagonal bridge, I can enhance my reward and potentially increase the overall satisfaction of the community. This decision might encourage the other decision-maker to also build the bridge, leading to the best possible outcome for everyone.",0.75,True
I will add the bridge,"Building the bridge will enhance connections and potentially improve community cohesion, leading to better outcomes for everyone in the long run.",0.75,True
I will add the bridge,"Adding the bridge will increase the total reward for me and my diagonal partner, and potentially encourage further collaboration in the future.",0.75,True
I will add the bridge,"Adding the bridge will enhance the overall connectivity and increase rewards for both me and my diagonal partner, fostering better collaboration within the community.",0.75,True
I will add the bridge,Adding the bridge will provide a higher reward of 9 points for everyone if the other diagonal partner also decides to add their bridge. This promotes better collaboration and potential gains for all.,0.75,True
I will add the bridge,"Building the bridge would not only benefit me and my diagonal partner, but it can also encourage better connections within the community. The potential for a higher total reward makes this a strategic choice.",0.75,True
I will add the bridge,"Building the bridge will potentially increase the overall rewards for everyone in the community, encouraging cooperation and enhancing connectivity.",0.75,True
I will add the bridge,Building the bridge increases the potential reward for both me and my diagonal partner while also improving connectivity in our community.,0.75,True
I will add the bridge,"Adding the bridge will enhance connection and potentially increase rewards for both me and my partner, while still providing a better outcome than not building it.",0.75,True
I will add the bridge,"By adding the bridge, I can increase the potential rewards for both myself and my diagonal partner, and also encourage better connections within the community.",0.75,True
I will add the bridge,"Building the bridge increases potential rewards for both myself and my diagonal partner, promoting better connectivity in our community.",0.75,True
I will add the bridge,"By adding the bridge, I can increase the rewards for both me and my diagonal partner, while potentially improving overall community cooperation.",0.75,True
I will add the bridge,"By adding the bridge, I aim to enhance the rewards for both myself and my diagonal partner, while also considering the potential for improved coordination in our community.",0.75,True
I will add the bridge,"Building the bridge will enhance our connections and potentially lead to better coordination in the future, providing both me and my diagonal partner a better outcome.",1.0,True
I will add the bridge,Building the diagonal bridge will increase my rewards and my partner's. It's worth the risk for greater returns.,1.0,True
I will add the bridge,"By adding the bridge, I will increase the total reward for my diagonal partner and myself, and encourage collaboration for possibly higher rewards in the future.",1.0,True
I will add the bridge,"Building the diagonal bridge can significantly increase the total rewards for my partner and myself, while potentially boosting connectivity and cooperation in the future.",1.0,True
I will add the bridge,Adding the bridge can enhance connections and lead to higher overall rewards for both me and my diagonal partner.,1.0,True
I will add the bridge,Building the diagonal bridge will help improve connectivity with my partner and increase our rewards.,1.0,True
I will add the bridge,"By adding the bridge, I can coordinate with my diagonal partner to maximize the benefits for both of us, potentially leading to higher rewards for the community.",1.0,True
I will add the bridge,"Choosing to add the bridge will benefit both my diagonal partner and me, increasing our rewards and potentially fostering better cooperation in our community.",1.0,True
I will add the bridge,"Building the bridge could enhance connectivity and lead to higher rewards for both me and my diagonal partner, fostering a stronger community.",1.0,True
I will add the bridge,"Adding the bridge increases potential rewards for both me and my diagonal partner, promoting growth and connection in our community.",1.0,True
I will add the bridge,"Adding the bridge will increase the overall rewards for my partner and me, fostering better connections and encouraging future collaboration.",1.0,True
I will add the bridge,"By adding the bridge, I aim to enhance connection with my diagonal partner, potentially increasing the rewards for both of us.",1.0,True
I will add the bridge,Adding the bridge has the potential to increase the overall reward for me and my diagonal partner while also encouraging better collaboration within the community.,1.0,True
I will add the bridge,"Adding the bridge could enhance connectivity and provide a better reward for myself and my diagonal partner, which might encourage better collaboration within our community.",1.0,True
I will add the bridge,"Building the diagonal bridge will increase my reward and help strengthen connections in the community, even though there are risks involved.",1.0,True
I will add the bridge,Adding the bridge will allow for a higher reward and strengthen the overall connection within the community.,1.0,True
I will add the bridge,"Building the bridge can improve connectivity and overall rewards for my diagonal partner and myself, while still maintaining the existing pathways.",1.0,True
I will add the bridge,"I believe that connecting the diagonal path will enhance overall cooperation and benefit both myself and my diagonal partner, potentially leading to greater rewards for the entire community.",1.0,True
I will add the bridge,Adding the diagonal bridge may enhance cooperation and increase overall rewards for the community if the other decision-maker also opts to build their bridge.,1.0,True
I will add the bridge,"Building the diagonal bridge will create a strong connection with my partner and increase the overall reward for both of us, while also keeping the possibility open for future connections.",1.0,True
I will add the bridge,"By adding the diagonal bridge, my partner and I can increase our rewards, benefiting from the higher points while still ensuring some benefit for the silent partners.",1.0,True
I will add the bridge,"The potential for higher rewards justifies the risk, and I believe forming a strong connection with my diagonal partner can benefit both of us and encourage better community ties.",1.0,True
I will add the bridge,"Building the bridge can increase collaboration with my diagonal partner, and the potential for higher rewards outweighs the risks involved.",1.0,True
I will add the bridge,"Adding the bridge could facilitate closer connections with the diagonally opposite partner, leading to potential benefits like improved collaboration and higher rewards.",1.0,True
I will add the bridge,"Building the bridge will improve rewards for both me and my opposite partner, fostering better connections within our community.",1.0,True
I will add the bridge,"Building the diagonal bridge increases the reward for my partner and me, while potentially reducing the reward for the others. However, the higher total points if both bridges are built makes it strategically beneficial.",1.0,True
I will add the bridge,Building the bridge will create a better incentive for cooperation and increase the overall reward for my diagonal partner and me.,1.0,True
I will add the bridge,"Adding the diagonal bridge will not only increase our reward to 8 points each for me and my diagonal partner, but also opens the doors for better cooperation and connection in our community.",1.0,True
I will add the bridge,"This decision will enhance my connection with my diagonal partner and potentially increase the overall rewards for both of us. Even though there are risks involved, the benefits of improved communication and collaboration outweigh the steady but lower rewards.",1.0,True
I will add the bridge,Building the bridge can enhance connectivity and potentially lead to greater rewards for both me and my diagonal partner.,1.0,True
I will add the bridge,"Adding the diagonal bridge will enhance connectivity and increase the rewards for both myself and the person at the opposite corner, ultimately benefiting the community.",1.0,True
I will add the bridge,"By adding the diagonal bridge, I will collaborate with my partner to ensure a better outcome for both of us and possibly encourage the others to consider adding their bridges as well.",1.0,True
I will add the bridge,"Building the diagonal bridge could improve connections and increase overall rewards for my partner and me, despite the risks.",1.0,True
I will add the bridge,"Building the diagonal bridge increases the potential rewards for both myself and my diagonal partner, improving our overall outcomes.",1.0,True
I will add the bridge,"By adding the bridge, both I and my diagonal partner can enhance our rewards significantly. This decision brings direct benefits to us and encourages better connectivity within the community.",1.0,True
I will add the bridge,"By adding the bridge, I will create a strong connection and increase the potential reward for both me and my diagonal partner while improving coordination within the community.",1.0,True
I will not add the bridge,"I believe that maintaining the existing pathways will ensure a steady and guaranteed reward for everyone, rather than risking uncertainty with a new bridge.",1.0,False
I will add the bridge,"By adding the bridge, I can potentially create a more connected community, resulting in a higher reward for both myself and my diagonal partner.",1.0,True
I will add the bridge,"Building the diagonal bridge will allow for a higher potential reward for me and my partner, and it may also encourage the others to consider adding their bridges as well for an even greater community benefit.",1.0,True
I will add the bridge,"By adding the bridge, I will increase the reward to 8 points for myself and my diagonal partner, compared to the lower reward for other community members. This could potentially enhance connections between us.",1.0,True
I will add the bridge,"Building the bridge can increase everyone’s overall potential points if the other diagonal partner also decides to build their bridge, leading to better coordination and rewards for everyone.",1.0,True
I will add the bridge,"Adding the bridge will benefit both me and my diagonal partner by increasing our reward, fostering a stronger connection.",1.0,True
I will add the bridge,Building the bridge may increase overall points for everyone and create better connections in the community.,1.0,True
I will add the bridge,"Building the bridge will benefit both me and my diagonal partner, maximizing potential rewards in the community. It is a calculated risk that aims for better overall outcomes.",1.0,True
I will add the bridge,"Adding the bridge will increase the overall reward for my diagonal partner and me, providing 8 points each, while risking lower rewards for the others. However, the potential for improved coordination to construct both diagonal bridges in the future should also be considered.",1.0,True
I will add the bridge,"By adding the bridge, both my partner and I will benefit significantly, receiving 8 points each, which will improve our position in the community. The potential benefits outweigh the risks, as it can enhance connectivity and trust.",1.0,True
I will add the bridge,"Adding the diagonal bridge can enhance connectivity and bring higher rewards for both me and my diagonal partner, potentially fostering a stronger community dynamic.",1.0,True
I will add the bridge,"I believe adding the bridge will foster better cooperation and overall higher rewards for the community, especially if both bridges are constructed.",1.0,True
I will add the bridge,"Building the diagonal bridge enhances potential rewards for both myself and my partner, fostering stronger connections in our community.",1.0,True
I will add the bridge,"Building the bridge will potentially lead to a better reward for me and my diagonal partner. Even though there's a risk factor, it seems like the benefits outweigh the concerns, and coordinating with my diagonal partner might lead to a more rewarding outcome for everyone.",1.0,True
I will add the bridge,Adding the diagonal bridge will strengthen my connection with my partner and enhance our rewards while still benefiting the overall community.,1.0,True
I will add the bridge,"Building the bridge will optimize rewards for both me and my diagonal partner, increasing motivation for collaboration.",1.0,True
I will add the bridge,"Building the bridge will increase our potential rewards, and I believe the other person would also choose to build their bridge, maximizing everyone's benefits.",1.0,True
I will add the bridge,"I believe that adding the diagonal bridge will enhance connectivity and collaboration within our community, potentially increasing overall rewards for everyone involved.",1.0,True
I will add the bridge,"By adding the bridge, I can create a more beneficial connection, increasing points for my diagonal partner and myself, leading to a more collaborative community.",1.0,True
I will add the bridge,"Adding the bridge will allow for potential higher rewards for both me and my diagonal partner, and if both bridges end up being built, everyone benefits even more.",1.0,True
I will add the bridge,"Building the diagonal bridge could enhance connectivity and cooperation within the community, leading to a better overall reward for everyone.",1.0,True
I will add the bridge,"By adding the bridge, I can foster better collaboration and potentially lead to higher outcomes for both my diagonal partner and myself.",1.0,True
I will add the bridge,"Choosing to build the diagonal bridge increases potential rewards for my partner and myself, while also enhancing overall community connectivity.",1.0,True
I will add the bridge,"Building the bridge has the potential to benefit both myself and my diagonal partner, increasing our rewards significantly. It also encourages better connectivity within the community.",1.0,True
I will add the bridge,"By adding the bridge, I and my diagonal partner can potentially increase our rewards. While there are risks, the benefits outweigh them, considering we might coordinate effectively.",1.0,True
I will add the bridge,"By adding the bridge, I aim to create better connectivity and increase the reward for myself and my diagonal partner.",1.0,True
I will add the bridge,I believe adding the bridge will enhance connectivity and result in better rewards for myself and my diagonal partner.,1.0,True
I will add the bridge,Adding the bridge will potentially increase the overall reward significantly if both diagonal bridges are constructed. This encourages coordination and benefits everyone in the long run.,1.0,True
I will add the bridge,Building the bridge will potentially increase the overall reward for me and my diagonal partner.,1.0,True
I will add the bridge,"Building the bridge will maximize the potential rewards for both myself and my diagonal partner, while also aligning with the possibility of increased overall benefits if others choose to do the same.",1.0,True
I will add the bridge,"Building the diagonal bridge will enhance connectivity and increase rewards for both me and my partner, leading to a positive impact on our community's morale and resources.",1.0,True
I will add the bridge,"Adding the bridge directly connects us, potentially increasing our overall rewards and enhancing collaboration in the community.",1.0,True
I will add the bridge,"Adding the bridge provides an opportunity for greater rewards for both me and my diagonal partner. It's a risk, but it could benefit everyone if they choose to build their bridges too. The potential for a higher overall score motivates me to take this chance.",1.0,True
I will add the bridge,"Building the bridge will increase the reward for both of us at the diagonal corners, promoting a stronger connection in our community.",1.0,True
I will add the bridge,"Building the diagonal bridge will increase the overall rewards for me and my diagonal partner, and it has the potential to improve connectivity within the community.",1.0,True
I will add the bridge,"Building the bridge will improve connection and increase rewards for myself and my partner, potentially leading to better collaboration in the community.",1.0,True
I will add the bridge,"By adding the diagonal bridge, I can enhance coordination between us and potentially increase everyone's rewards if the other diagonal partner also decides to build their bridge.",1.0,True
I will add the bridge,"Building the diagonal bridge can potentially increase the overall rewards for everyone if coordination is successful. Additionally, my partner and I will benefit from the higher point allocation.",1.0,True
I will add the bridge,Adding the bridge will create a more connected community and increase rewards for me and the person at the opposite corner.,1.0,True
I will add the bridge,Building the diagonal bridge can strengthen the connection with my partner and lead to higher rewards for both of us. It's worth the risk for potential collaboration.,1.0,True
I will not add the bridge,"Choosing not to add the bridge ensures a steady reward for both myself and my silent partner, while maintaining the existing structure. This decision minimizes risks and preserves a stable outcome.",1.0,False
I will add the bridge,Building the diagonal bridge will create a stronger connection with my partner and potentially increase overall rewards for everyone involved.,1.0,True
I will add the bridge,"Building the bridge has the potential to enhance the rewards for both me and my diagonal partner, fostering greater collaboration within our community.",1.0,True
I will add the bridge,Building the bridge can lead to higher rewards for both of us and may encourage the other pair to do the same later.,1.0,True
I will add the bridge,"Adding the bridge will create a direct connection, allowing for improved coordination and higher rewards for both me and my diagonal partner.",1.0,True
I will add the bridge,"By adding the bridge, both my diagonal partner and I can benefit from the higher reward while enhancing our community's connectivity. It’s a risk worth taking, considering the potential benefits for everyone.",1.0,True
I will add the bridge,I believe that adding the bridge will not only benefit me and my partner with a higher reward but potentially encourage better collaboration between all members in the future.,1.0,True
I will add the bridge,Adding the diagonal bridge has the potential to increase the overall rewards for both me and my diagonal partner while also offering a higher payout for everyone if both bridges are built. Taking this step can strengthen our community's connections and investment.,1.0,True
I will add the bridge,"Adding the diagonal bridge would provide a better reward for both me and my diagonal partner. Though it comes with some risks, the potential for higher rewards is worth considering. It also encourages cooperation and stronger connections within the community.",1.0,True
I will add the bridge,"By choosing to add the bridge, I enhance the overall rewards for myself and my diagonal partner, while also creating an opportunity for future collaboration. This decision can lead to higher points for all if the other diagonal bridge is built as well.",1.0,True
I will add the bridge,"Building the bridge provides a better reward for both me and my diagonal partner, enhancing the overall benefits for our community.",1.0,True
I will add the bridge,"By adding the bridge, I acknowledge the potential for higher collective rewards, promoting better connectivity and future collaboration in our community.",1.0,True
I will add the bridge,I believe that adding the bridge will enhance connections within our community and provide a better reward for both me and my diagonal partner.,1.0,True
I will add the bridge,The potential for increased rewards for both me and my diagonal partner outweighs the risks of coordinating with another community member.,1.0,True
I will add the bridge,"Adding the diagonal bridge could enhance connectivity and potentially improve cooperation and mutual benefits in the community, leading to an overall better outcome.",1.0,True
I will add the bridge,"I believe adding the bridge will optimize rewards for both me and my partner, while also potentially benefiting the overall community if they coordinate successfully.",1.0,True
I will add the bridge,Adding the bridge will provide a more significant reward for me and my connection. Seeking collaboration is beneficial in elevating the overall reward potential for both involved.,1.0,True
I will add the bridge,"Building the diagonal bridge will increase rewards for both me and my diagonal partner, making it a beneficial choice for us.",1.0,True
I will add the bridge,Building the bridge increases the reward for me and my partner diagonally. It also has the potential for a better overall outcome for the group if the other diagonal partner also decides to build their bridge.,1.0,True
I will add the bridge,"Building the bridge will increase the rewards for me and my diagonal partner while enhancing the community's connectivity. The risk seems manageable, and the potential for higher points is appealing.",1.0,True
I will add the bridge,"Building the bridge will increase the overall reward for both me and my diagonal partner, and potentially encourage cooperation for future decisions.",1.0,True
I will add the bridge,"By adding the bridge, I will maximize the potential rewards for both myself and my diagonal partner, and encourage better cooperation within the community.",1.0,True
I will add the bridge,"Adding the bridge will enhance the overall reward for both me and my diagonal partner, fostering stronger connections in the community.",1.0,True
I will add the bridge,Building the diagonal bridge will enhance connectivity within the community and improve overall rewards.,1.0,True
I will add the bridge,"I believe adding the bridge will lead to greater rewards for me and my diagonal partner, fostering stronger connections and cooperation within our community.",1.25,True
I will not add the bridge,"Choosing not to add the bridge ensures a steady reward for both me and my diagonal partner, allowing for consistent benefits without risking communication or coordination challenges.",1.25,False
I will add the bridge,"Building the bridge can lead to increased rewards for me and my diagonal partner, and if effective coordination can be achieved, it could benefit everyone if both bridges are ultimately constructed.",1.25,True
I will add the bridge,"Adding the bridge can lead to higher rewards for both me and my partner, fostering stronger connections and benefits for our community.",1.25,True
I will add the bridge,"Building the diagonal bridge maximizes potential rewards for both parties involved, and can enhance community cooperation as well.",1.25,True
I will add the bridge,"Deciding to add the bridge can potentially enhance connectivity and benefits for the participants involved, leading to a better reward scenario if collaboration is successful.",1.25,True
I will add the bridge,"Building the diagonal bridge enhances connectivity between community members and maximizes potential points for me and my direct partner. Considering the potential for improved collaboration and shared rewards, it’s a strategic choice.",1.25,True
I will add the bridge,"Adding the bridge allows for a higher potential benefit for my partner and myself, aiming for greater rewards despite the risks of coordination.",1.25,True
I will add the bridge,"I believe that adding the bridge will enhance connectivity and lead to a higher total reward for the group, potentially fostering a better community.",1.25,True
I will add the bridge,"Building the bridge might increase coordination among community members and encourage collaboration. Plus, it benefits both my partner and me with increased rewards.",1.25,True
I will add the bridge,"By adding the diagonal bridge, both my partner and I can benefit from the higher rewards associated with the direct connection. It promotes cooperation and potentially improves the communal experience.",1.25,True
I will add the bridge,This choice aims to increase the overall reward for the connected partners and potentially improve the cohesion within our small community.,1.25,True
I will add the bridge,"Building the diagonal bridge can enhance connectivity within the community, and if both diagonal bridges are built, it leads to even higher rewards for everyone.",1.25,True
I will add the bridge,"Choosing to build the bridge will secure a higher reward for myself and the diagonal partner. It fosters better connection and communication, which could enhance community relations in the future.",1.25,True
I will add the bridge,"This decision brings higher rewards for me and my diagonal partner, increasing our points to 8 each, compared to a steady base that does not maximize the potential future benefits for the entire community.",1.25,True
I will add the bridge,Building the diagonal bridge could enhance connections within the community and increase rewards for my partner and me. Coordination with the other decision-maker can further maximize benefits.,1.25,True
I will add the bridge,"Building the diagonal bridge could provide higher rewards for both me and my diagonal partner, and I believe the potential benefits outweigh the risks.",1.25,True
I will add the bridge,"Building the diagonal bridge will enhance the connectivity and overall reward for my partner and me, making it worth the potential risks.",1.25,True
I will add the bridge,Building the bridge increases the potential rewards for both involved parties and supports more connection between members of the community.,1.25,True
I will add the bridge,"By adding the bridge, I increase the potential rewards both for myself and my diagonal partner. This could lead to better outcomes for the whole community if they decide to add their bridges as well.",1.25,True
I will add the bridge,Building the bridge will allow me and my partner to gain a higher reward than staying without it. It's also beneficial for community connectivity.,1.25,True
I will add the bridge,"This choice allows both me and my diagonal partner to maximize our rewards. Building the diagonal bridge directly connects us and increases our benefits, suggesting a willingness to cooperate for a potentially better outcome.",1.25,True
I will add the bridge,Building the bridge could enhance connections and increase overall rewards for both my partner and me.,1.25,True
I will add the bridge,"By adding the bridge, I ensure better rewards for both myself and my diagonal partner. This could encourage better connections and cooperation in our community.",1.25,True
I will add the bridge,"Adding the bridge could enhance my connection to the other person and bring more synergy, ultimately encouraging more collaboration within the community.",1.25,True
I will add the bridge,"Building the diagonal bridge could increase the rewards for me and my partner, and since there are potential for more diagonal bridges to be built, it fosters good relations and cooperation in the community.",1.25,True
I will add the bridge,"Building the bridge may create closer ties with my diagonal partner and enhance cooperation within the community, leading to better long-term collaboration.",1.25,True
I will add the bridge,"Adding the bridge will allow both me and my diagonal partner to benefit from an increased reward, potentially improving relationships and collaboration within the community.",1.25,True
I will add the bridge,"Adding the bridge not only increases my score but also benefits my diagonal partner significantly, promoting stronger community ties.",1.25,True
I will add the bridge,"Adding the bridge could improve connectivity with the diagonal partner and increase the rewards. Even if the bridge comes with some risks, the potential for higher rewards makes it worth considering.",1.25,True
I will add the bridge,"By adding the bridge, both my diagonal partner and I can benefit from increased rewards, and it encourages better cooperation in our community.",1.25,True
I will add the bridge,"By building the diagonal bridge, both my partner and I stand to gain more, benefiting us both significantly. Encouraging connections can enhance cooperation within our community.",1.25,True
I will add the bridge,Building the bridge could improve connections and overall benefits for the entire community.,1.25,True
I will add the bridge,"By adding the diagonal bridge, I can improve my outcome and that of my diagonal partner while hoping to foster cooperation among the entire group.",1.25,True
I will add the bridge,"I believe adding the diagonal bridge would yield higher rewards both for me and my diagonal partner, promoting better cooperation.",1.25,True
I will add the bridge,"Building the diagonal bridge can foster better cooperation and communication between the directly connected corners, creating a stronger community bond and incentivizing a more collaborative atmosphere.",1.25,True
I will add the bridge,"Deciding to add the bridge to increase the potential reward for both me and my diagonal partner, while considering the coordination and risk involved.",1.25,True
I will add the bridge,"By adding the bridge, we can optimize the overall gains for everyone involved and enhance connections within our community.",1.25,True
I will add the bridge,"Building the diagonal bridge will enable a higher reward for both my partner and I, and it may encourage the other pair to also build their own bridge for maximal benefit.",1.25,True
I will add the bridge,"Adding the bridge will result in greater rewards for myself and my diagonal partner, encouraging better connectivity between us.",1.25,True
I will add the bridge,"By adding the bridge, both I and my diagonal partner stand to benefit immediately with 8 points each, while the others remain unaffected. This could foster better relationships for future cooperation.",1.25,True
I will add the bridge,"Building the diagonal bridge will potentially benefit me and my diagonal partner, providing both of us 8 points. Although it may reduce the rewards for the other two members temporarily, enhancing connectivity and teamwork could lead to greater collaboration in the future.",1.25,True
I will add the bridge,Building the bridge may enhance cooperation within the community and ultimately increase overall rewards.,1.25,True
I will add the bridge,This decision aims to maximize benefits for all involved by increasing the total points if both bridges are built. Engaging in collaboration might create a better scenario for the future.,1.25,True
I will add the bridge,"By adding the bridge, I can potentially increase the overall benefit for both partnered individuals participating. Even if the coordination is a little risky, the rewards for both of us would significantly outweigh not building it, especially if both bridges end up being built.",1.25,True
I will add the bridge,Adding the diagonal bridge could increase the overall reward if coordinated properly with the other decision-maker.,1.25,True
I will add the bridge,"By adding the diagonal bridge, I am facilitating a connection that could enhance partnerships and ultimately raise the Group’s reward level, benefiting everyone. Plus, it maximizes our potential gains.",1.25,True
I will add the bridge,Adding the bridge can enhance connections and potentially provide higher rewards to both me and the person at the opposite corner.,1.25,True
I will add the bridge,"Building the diagonal bridge will improve the overall reward for my partner and myself, while also making it possible for better coordination in future efforts.",1.25,True
I will add the bridge,"Adding the bridge will benefit both myself and my diagonal partner with a total of 8 points each, while the silent partners will get reduced rewards. I believe the trade-off is worthwhile for the received benefits.",1.25,True
I will not add the bridge,"Choosing not to add the bridge ensures that my silent partner receives a steady reward of 8 points, which is safer in case both diagonal bridges are not built.",1.25,False
I will add the bridge,"Building the diagonal bridge will improve the overall reward for both myself and my diagonal partner, while still allowing the silent partners to benefit in some way.",1.25,True
I will add the bridge,"Building the bridge will allow for a higher reward for both me and my diagonal partner, benefiting our community in the long run. It fosters collaboration and connection.",1.25,True
I will add the bridge,"The potential benefits of the bridge outweigh the risks. It will enhance connectivity and collaboration in our community, leading to greater long-term rewards for everyone, especially since it opens up higher reward options if the second bridge is added later.",1.25,True
I will add the bridge,The potential for higher rewards outweighs the risks of reduced points for silent partners. Building the bridge increases overall benefit for those directly involved.,1.25,True
I will add the bridge,"Building the diagonal bridge could maximize possible outcomes for both me and my partner, aiming for a potential overall increase in rewards for everyone if both bridges are built.",1.25,True
I will add the bridge,"Building the diagonal bridge will provide a greater reward for both my diagonal partner and myself, and it encourages potential coordination with the others for higher gains.",1.25,True
I will add the bridge,I believe adding the bridge will foster better connections among community members and ultimately yield higher rewards for everyone involved.,1.25,True
I will add the bridge,"By adding the bridge, I am maximizing the potential reward for both myself and my diagonal partner while also providing an opportunity for the silent partners to benefit indirectly through the enhanced structure.",1.25,True
I will add the bridge,"Building the diagonal bridge will enhance the overall reward, benefiting both parties involved.",1.25,True
I will add the bridge,"Choosing to add the bridge may enhance connectivity and benefits for both me and my partner, potentially boosting overall meeting and collaboration in the community.",1.25,True
I will add the bridge,"Building the bridge provides higher rewards opportunity for both myself and my diagonal partner compared to staying with the existing structure. The risk is balanced with the potential gains, and improving connections may foster better community relationships.",1.25,True
I will add the bridge,"Adding the bridge increases potential rewards and strengthens connections within the community, despite the risks.",1.25,True
I will add the bridge,Adding the bridge will increase the connection with the other active decision-maker and we can optimize the reward distribution for us.,1.25,True
I will add the bridge,"By adding the diagonal bridge, both I and my diagonal partner can maximize our points. This decision encourages collaboration and may foster better community relationships, and the benefits outweigh the potential risks.",1.25,True
I will not add the bridge,"The potential risks associated with adding the diagonal bridge may not outweigh the steady rewards we currently receive from existing connections. By maintaining the current structure, my partner and I will still receive consistent rewards while minimizing any complications or unpredictability that could arise from the new construction.",1.25,False
I will add the bridge,I believe adding the diagonal bridge will foster better connections and result in a higher overall reward for our community.,1.25,True
I will add the bridge,"Adding the bridge would increase rewards for both myself and my diagonal partner, providing us with a better outcome than sticking with the existing structure.",1.25,True
I will add the bridge,"Building the bridge increases the potential rewards for both me and my diagonal partner, encouraging collaboration and maximizing benefits.",1.25,True
I will add the bridge,"By adding the diagonal bridge, I can significantly increase rewards for both myself and my diagonal partner. I believe this decision will encourage collaboration and mutual benefit.",1.25,True
I will add the bridge,"Building the bridge could enhance the overall connectivity and reward for both me and my diagonal partner, leading to higher outcomes for the community.",1.25,True
I will add the bridge,Building the diagonal bridge could enhance the overall reward for the two involved while possibly prompting the others to consider building their bridges as well for a greater group benefit.,1.25,True
I will add the bridge,Adding the bridge will create a higher overall reward potential if coordinated correctly with the other decision maker.,1.25,True
I will add the bridge,I believe adding the bridge will allow for better connectivity and increase rewards for both me and my diagonal partner.,1.25,True
I will add the bridge,"By adding the bridge, I will not only improve my connection with the other decision-maker but also ensure a higher reward for both of us. The silent partners will miss out initially, but this could encourage teamwork and better connectivity in the long run.",1.25,True
I will add the bridge,"This choice may enhance connectivity and benefit both my partner and me, while also providing a potential pathway for greater future rewards.",1.25,True
I will add the bridge,"Adding the bridge provides a direct connection with the opposite partner, facilitating better communication and resources. Although there are risks involved, the potential higher reward makes it a worthwhile decision.",1.25,True
I will add the bridge,"By adding the bridge, it enhances our chances of better collaboration in the future, even though it carries risks. This decision can strengthen my ties with the diagonal partner, leading to potential greater benefits for both of us.",1.25,True
I will add the bridge,"By adding the diagonal bridge, I aim to enhance collaboration and increase the overall rewards for my diagonal partner and myself.",1.25,True
I will add the bridge,Adding the bridge will not only benefit me but also the other person I am partnering with diagonally. This seems like a worthwhile investment despite the risks it may entail.,1.25,True
I will add the bridge,Building the diagonal bridge will enhance connectivity and potentially improve rewards for future collaborations.,1.25,True
I will add the bridge,"I believe connecting with my partner will enhance communication and collaboration, ultimately benefiting both of us more in the long run.",1.25,True
I will add the bridge,"Adding the bridge will maximize the rewards for both me and my diagonal partner. It's worth the risk as it enhances collaboration within the community, and I hope the other decision-maker does the same.",1.25,True
I will add the bridge,"Building the bridge will enhance connection and coordination within the community, allowing for greater collaboration and exchange.",1.25,True
I will add the bridge,"Although building diagonal bridges carries risks, it offers the potential for higher rewards for both me and my diagonal partner, and ultimately for the entire community if coordinated successfully. This could also strengthen the connection within the community.",1.25,True
I will add the bridge,"By adding the bridge, both my diagonal partner and I will receive a higher reward, benefiting both of us significantly, compared to what the others would get.",1.25,True
I will add the bridge,"Building the bridge is beneficial for both myself and the diagonal partner, increasing both our rewards compared to the current steady structure.",1.25,True
I will add the bridge,Building the diagonal bridge will maximize the potential reward for both me and my diagonal partner. It encourages future cooperation and could strengthen the overall community relationship.,1.25,True
I will add the bridge,"Adding the bridge can improve connectivity within the community, and even if it only benefits the two of us initially, it sets a precedent for more cooperation.",1.25,True
I will add the bridge,"By adding the bridge, both my diagonal partner and I will receive higher point rewards, increasing our group's overall benefits.",1.25,True
I will add the bridge,"Choosing to add the bridge can enhance rewards for both myself and my partner. It may also encourage the others to do the same, leading to a greater overall benefit.",1.25,True
I will add the bridge,Adding the diagonal bridge creates potential for higher rewards and encourages cooperation within the group.,1.25,True
I will add the bridge,Building the diagonal bridge will enhance connectivity and potentially yield a higher reward for both of us involved. It's a balanced risk with the possibility of better outcomes for the entire community.,1.25,True
I will add the bridge,Building the diagonal bridge could enhance connectivity and overall rewards for the two involved while also possibly influencing the decision-making of others.,1.25,True
I will add the bridge,"Building the bridge could enhance connectivity and the reward for both me and my diagonal partner, which is beneficial for the community.",1.25,True
I will add the bridge,Building the diagonal bridge could enhance connectivity within the community and provide better rewards for collaboration.,1.25,True
I will add the bridge,"Building the bridge increases the potential reward for my partner and me. I'm considering the long-term benefits over the risks. If both diagonal bridges are built, it will benefit the entire community even more.",1.25,True
I will add the bridge,I believe adding the diagonal bridge will provide greater overall points and strengthen community ties.,1.25,True
I will add the bridge,"Adding the bridge could improve our community's overall benefit, assuming effective coordination.",1.25,True
I will add the bridge,"By adding the diagonal bridge, both my diagonal partner and I will maximize our rewards. This choice also creates an incentive for future cooperation, benefiting the entire community if the other diagonal bridges are considered as well.",1.25,True
I will add the bridge,"Adding the bridge could facilitate better connection and collaboration, potentially leading to increased opportunities in the future.",1.5,True
I will add the bridge,Adding the bridge can create higher rewards if the other decision-maker also chooses to add their bridge. This option supports better cooperation among the two diagonal partners for improved outcomes.,1.5,True
I will add the bridge,Adding the bridge increases the potential for higher rewards for those involved and serves to strengthen the partnership within the community.,1.5,True
I will add the bridge,"Adding the diagonal bridge justifies risk-taking as it ensures a better distribution of points among those directly involved in the bridge construction. Despite relying on coordination, it could lead to higher rewards for the relevant parties.",1.5,True
I will add the bridge,"By adding the bridge, we aim for greater rewards without considering the high risk of disappointment involving the other diagonal decision-maker.",1.5,True
I will add the bridge,Adding the bridge promotes better connectivity and gives both me and my diagonal partner a higher reward. It's a strategic move to support community growth.,1.5,True
I will add the bridge,"By building the diagonal bridge, I aim for a higher overall reward which promotes stronger connections in the community, even if it requires some coordination.",1.5,True
I will add the bridge,"Building the diagonal bridge could enhance collaboration in our community by allowing quicker access and stronger connections, ultimately promoting growth and activity. The potential inclusion of a second bridge following effective individual benefits would be on the separate decision-makers' consideration for an even better total outcome. This could provide a more considerable incentive for both layers of our community, improving opportunities for all.",1.5,True
I will add the bridge,Adding the bridge is likely to improve the rewards for both me and my diagonal partner while seeking solidarity in our network development.,1.5,True
I will add the bridge,Constructing the diagonal bridge not only enhances connectivity among members but also ensures higher rewards for us both involved in this decision.,1.5,True
I will add the bridge,"By adding the bridge, hopefully my diagonal partner will also decide to build their bridge with their opposite partner, allowing us to all benefit from the higher rewards.",1.5,True
I will add the bridge,"Adding the bridge may lead to a better outcome for both of us, as long as the other diagonal pair also decides to add theirs. It brings potential benefits.",1.5,True
I will add the bridge,"Choosing to add the bridge will optimize benefits for my diagonal partner and enhance connectivity within the community, assuming collaboration from my adjacent counterpart.",1.5,True
I will add the bridge,"I believe that adding the diagonal bridge will significantly improve the connection with my partner and provide us with higher rewards. Even though there are risks, the potential outcome warrants the decision.",1.5,True
I will add the bridge,"By choosing to build the bridge, both I and my partner can optimize our rewards, gaining 8 points each, while enhancing the connection among community members.",1.5,True
I will add the bridge,Adding the bridge increases the potential rewards for both partners. It promotes collaboration and could enhance the overall benefits for everyone in the community.”} వైర కేస్ Ñandeฉ면 consumacağurdu gebo felt=,1.5,True
I will add the bridge,"Adding the diagonal bridge has potential for a higher collective benefit for me and my opposite corner partner, and I'm willing to take the risk for greater rewards in coordination.",1.5,True
I will add the bridge,"Adding the bridge allows my neighbor and me to benefit from the higher points together, while also strengthening our unilateral partnership. It is also a proactive step to ensure potential maximum rewards for the entire community if the diagonal opposers choose to collaborate.",1.5,True
I will add the bridge,"Building the bridge creates direct connections to facilitate better communication and resource sharing, which benefits our community in the long run.",1.5,True
I will not add the bridge,Choosing this option maintains the steady rewards for both my partner and myself while the risks associated with creating a new structure are avoided. Decision enables steady progression without envisioning pitfalls necessitated by bridge construction.,1.5,False
I will add the bridge,"Adding the bridge can foster better connections and potentially improve the overall welfare of the community, encouraging further collaboration among everyone involved.",1.5,True
I will add the bridge,"Building the diagonal bridge will likely secure a higher reward for both me and my opposite partner, fostering collaboration and encouraging stronger connections within the community.",1.5,True
I will add the bridge,"It is worth the potential higher reward for both myself and the partner at the opposite corner, while also considering the partners’ overall gains which will affect community business.",1.5,True
I will add the bridge,I believe the benefits of connections through the diagonal bridge outweigh the risks since it can enhance our rewards overall.,1.5,True
I will add the bridge,Building the bridge will enhance my and my diagonal partner's connections and potentially create greater overall community rewards.,1.5,True
I will add the bridge,"Adding the bridge would potentially increase my rewards and those of my diagonal partner. By taking this step, I aim to foster a stronger connection with other community members, hoping the immediate benefits encourage my other silent partners will also consider efforts in cooperation.",1.5,True
I will add the bridge,"Adding the bridge will allow both my diagonal partner and me to increase our point total from 8 to 9, benefiting from the coordination while the worst case for the other partners would still only lead to them receiving 1 point.",1.5,True
I will add the bridge,"I believe adding the bridge will maximize rewards for myself and the person opposite me, fostering a stronger connection that might be beneficial for future cooperation within our community.",1.5,True
I will add the bridge,Building the bridge could lead to greater overall rewards for everyone if the other decision-maker chooses to add their bridge as well.,1.5,True
I will add the bridge,"I believe building the bridge will raise the total rewards for both our corner and our partners in a more connected way, putting us in a better position overall.",1.5,True
I will add the bridge,"Adding the bridge can bring significant rewards. By deciding to support the diagonal connection, our partnership will benefit more greatly, increasing overall productivity and possibly leading to cooperation in future plans.",1.5,True
I will add the bridge,Adding the bridge could improve rewards and demonstrates willingness to collaborate for the betterment of all members in the community.,1.5,True
I will add the bridge,Adding the diagonal bridge could lead to higher overall benefits for everyone involved.,1.5,True
I will add the bridge,"I believe adding the diagonal bridge will improve the overall benefits for my diagonal partner and myself, as there's potential for collaboration and higher rewards.",1.5,True
I will add the bridge,"Choosing to add the bridge can establish stronger connections and allows for potential greater rewards, fostering community cohesion.",1.5,True
I will add the bridge,"By adding the diagonal bridge, I not only enhance my own rewards with the potential of improving connections but also present an opportunity that could augment points for everyone indirectly.",1.5,True
I will not add the bridge,"Choosing not to add the bridge ensures a steady reward of 8 points. Introducing a bridge may bring unpredictability, affecting long-term group dynamics and stability.",1.5,False
I will add the bridge,"I believe that adding the diagonal bridge will not only benefit me and my diagonal partner in gaining a better reward, but it may also inspire a greater collaborative opportunity for all connected community members.",1.5,True
I will add the bridge,"By adding the bridge, I enhance my cooperation with my diagonal partner, which increases the overall rewards for both of us as well as adds an opportunity for everyone if the others choose to do the same. Even though there are risks, the potential increase in points is worth the effort.",1.5,True
I will add the bridge,"By building the diagonal bridge, my claim earns 8 points and can also increase coordination opportunities, potentially leading to both bridges being built further enhancing communal bonds and overall reward in the future.",1.5,True
I will add the bridge,"Building the diagonal bridge is a decent risk, it increases potential rewards for interconnected members while benefiting community ties.",1.5,True
I will add the bridge,"Building the diagonal bridge could enhance coordination and cooperation in our community, providing a greater reward for myself and my partner. This decision aims at the larger benefit for both connected members and building trust among all.",1.5,True
I will add the bridge,Adding the diagonal bridge could enhance connectivity and overall reward for everyone in the community.,1.5,True
I will add the bridge,"By adding the bridge, I expect that the diagonal connection will not only benefit my partner and me in terms of rewards but may also set a precedent for possible collaboration or future augmented population interactions.",1.5,True
I will add the bridge,"Selecting to add my bridge predicts an opportunity for greater rewards, but also requires an assumption that the other decision maker will also build their bridge.",1.5,True
I will add the bridge,"By adding the bridge, I aim to foster better connectivity and overall community engagement, increasing our rewards to a higher potential.",1.5,True
I will add the bridge,"By adding the bridge, both my diagonal partner and I will ensure a robust outcome, potentially increasing synergy within the entire community.",1.5,True
I will add the bridge,"Adding the bridge increases the reward for me and my diagonal partner, as well as potentially enhancing our community connections.",1.5,True
I will add the bridge,I believe adding the bridge will provide a better outcome for my corner and benefit the completion of future coordination within our community.,1.5,True
I will add the bridge,"Building the diagonal bridge improves the potential rewards for both me and my connected partner. Given the opportunity for higher overall efficacy, it’s advantageous to pursue the bridge.",1.5,True
I will add the bridge,"Building the diagonal bridge will maximize rewards not just for myself but also for my diagonal partner. This investment has risks, but the potential outcomes are worth considering for the group's overall benefit.",1.5,True
I will add the bridge,"By adding the bridge, I ensure both my voting partner and I receive the 8 points as opposed to sticking with a stable lower reward system that would benefit others/Trying for a higher reward while evaluating more about coordination in the near future.",1.5,True
I will add the bridge,"Building the diagonal bridge could increase overall rewards if the other diagonal party agrees, benefiting everyone in the long term.",1.5,True
I will add the bridge,Adding the bridge will potentially maximize our gain and provide a better reward for my diagonal partner as well.,1.5,True
I will add the bridge,I believe that adding the diagonal bridge will increase overall community effectiveness and better connect our participatory roles.,1.5,True
I will add the bridge,"Building the diagonal bridge increases the potential reward for myself and my partner, which stimulates stronger connections within the community.",1.5,True
I will add the bridge,"By building the bridge, I can ensure both myself and my diagonal partner receive 8 points, benefiting our corner of the community.",1.5,True
I will add the bridge,"I believe that by adding the diagonal bridge, not only will my partner and I receive a higher reward, but it also creates potential for better interconnectedness within our community, although it will require proper coordination with other participants.",1.5,True
I will add the bridge,Building the diagonal bridge seems to offer a higher total reward for the group and stimulates better cooperation within the community.,1.5,True
I will add the bridge,"Building the bridge increases my potential outcome and encourages positive change in the community, creating an incentive for the currently uninvolved members to maintain existing pathways.",1.5,True
I will add the bridge,"Choosing to add the diagonal bridge enhances both my and my diagonal partner's rewards, while also increasing the likelihood of everyone possibly getting a higher total if cooperation extends.",1.5,True
I will not add the bridge,I believe that maintaining the existing connections is more stable and secure for all members involved.,1.5,False
I will add the bridge,"Building the diagonal bridge offers potential higher rewards for me and my partner, so I will go ahead with it.",1.5,True
I will add the bridge,Opting to add the bridge will create an enhanced pathway and increase the rewards for both me and my diagonal partner.,1.5,True
I will add the bridge,"Building the diagonal bridge will maximize rewards for me and my partner, increasing the overall benefit for both involved in the decision.",1.5,True
I will add the bridge,"By opting to build the bridge, relationship with the diagonal partner will strengthen, and both of us can benefit from boosted rewards despite the associated risks.",1.5,True
I will add the bridge,Building the bridge increases my points and incentivizes cooperation among the group. It's a beneficial risk which can enhance our community interactions.,1.5,True
I will add the bridge,"Building the bridge could enhance connectivity and provide mutual benefits, increasing points for both parties.",1.5,True
I will add the bridge,"By choosing to add the bridge, both my diagonal partner and I can improve our rewards from the current stable situation Avoying a crisis rely deliberately pivot anxiety suggest openly indict stream shared airflow compromises declared revelations plancondition dawn optimistic lenses embrace sea claims dance toxins selves callable indexed). ",1.5,True
I will add the bridge,"Building the bridge could foster better connectivity within our community and create a greater group synergy, increasing our solidarity and since I am doing this with another person faster enhancement Diego, this was warrants a light toward negative outcomes.",1.5,True
I will add the bridge,Building the diagonal bridge will increase the overall reward for both me and my partner. It's a strategic decision that enhances our collaboration within the community.,1.5,True
I will add the bridge,Connecting with my diagonal partner may lead to higher rewards and strengthen our community ties.,1.5,True
I will add the bridge,"By adding the bridge, I will ensure that both I and my diagonal partner can receive the higher reward. This decision promotes better communication and promises beneficial outcomes for both of us.",1.5,True
I will add the bridge,"By adding the bridge, both my partner and I will maximize our reward potential and contribute to an improved outcome for both of us compared to not building it.",1.5,True
I will add the bridge,"Building the bridge increases the potential for higher rewards for both me and the opposite member. Even though there are risks involved, enhancing the community connections can be beneficial.",1.5,True
I will add the bridge,"Building the diagonal bridge has the potential to create a much better outcome for us, increasing my rewards and providing a teamwork upfront. While it introduces the need for coordination, the mass increase in points makes it a valuable strategy.",1.5,True
I will add the bridge,"Building the diagonal bridge can enhance cooperation and might lead to even higher benefits for the community, despite the risks.",1.5,True
I will add the bridge,"Building the bridge can strengthen relationships between community members and support better overall connectivity, reflecting a combination of willingness to increase mutual benefits over the base rewards.",1.5,True
I will add the bridge,"This decision could enhance connectivity and encourage collaboration for everyone, leading to higher rewards.",1.5,True
I will add the bridge,"I believe connecting directly will bring better rewards. It gives both my partner and me a higher return, benefiting us both significantly.",1.5,True
I will add the bridge,"Adding the bridge has the potential to increase rewards for multiple people while also improving connectivity within our community. By making this choice, I aim to maximize the benefits for my diagonal partner and myself, and I believe that drawing connections can lead to a strong sense of collaboration within the group.",1.5,True
I will add the bridge,"I believe in the potential benefits of the bridge, as it can increase the overall rewards if both partnerships agree to build their connections. In trusting my partner, we could create an improved situation for ourselves and increase overall community engagement.",1.5,True
I will add the bridge,"Employing the independent rewards of adding the diagonal bridge enhances the greater good even if it carries inherent risks, making progress more valuable whilst providing both stability and increased point allocation.",1.5,True
I will add the bridge,"Building the bridge not only increases rewards for both myself and the diagonal partner, but it also encourages potential future benefits. Taking the risk can also improve coordination within the community.",1.5,True
I will add the bridge,"While this carries a slight risk of coordination failure, the potential rewards are greater when engaged; it's better for the community if someone tries to forge these deeper connections.",1.5,True
I will add the bridge,"Building the diagonal bridge allows for potential higher rewards and improved connections with my partner, benefiting us above the base existing value. I am assuming my partner will collaborate effectively too.",1.5,True
I will add the bridge,"Adding the diagonal bridge will not only increase my potential points but also improve connectivity within our community, benefiting the overall group in coordination and planning.",1.5,True
I will add the bridge,"Building the bridge maximizes potential rewards for both me and my diagonal partner, positively impacting our connection.",1.5,True
I will add the bridge,The potential to increase the overall reward for my corner and the diagonal partner outweighs the lesser security afforded by the existing pathways.,1.5,True
I will add the bridge,"Building the diagonal bridge benefits us by increasing our reward to 8 points each, while also potentially encouraging the others to build theirs and maximize benefits for all in the future.",1.5,True
I will add the bridge,Building the diagonal bridge will increase unity in the community and raise rewards with potential for high cooperation.,1.5,True
I will add the bridge,Building the bridge not only enhances connectivity but also raises rewards for both me and the partner directly along the diagonal. It may foster stronger relationships between diagonally connected individuals in the community.,1.5,True
I will add the bridge,Increasing the total reward for the group seems like a supportive and beneficial decision.,1.5,True
I will add the bridge,"The additional reward from building the diagonal bridge can significantly benefit the decision-maker and their partner, embracing collaboration for a potential higher-standard from this pathway.",1.5,True
I will add the bridge,Building the bridge reduces isolation and increases cooperation. The potential extra reward would benefit everyone.,1.5,True
I will add the bridge,"Building the diagonal bridge enhances our network and provides a better chance for cooperation among all members, increasing point awards.",1.5,True
I will add the bridge,"Building the bridge could foster a stronger connection with my partner and enhance coordination, leading to better outcomes overall.",1.5,True
I will add the bridge,"By adding the bridge, I will ensure a direct connection and improve the satisfaction of my counterpart significantly, leading to higher total rewards for both of us. This decision has potential long-term benefits for both.",1.5,True
I will add the bridge,"Building the bridge may have long-term benefits for overall connectivity, and it's better to promote my collaboration with the other active participant.",1.5,True
I will add the bridge,Adding the bridge has the potential to increase the overall reward for everyone if the other diagonal connection is also made. It also fosters broader cooperation in the community.,1.5,True
